Username,Start,End
Gia,2026-08-26 23:06:42,
Tina,2026-08-26 23:09:40,
Gia,2026-08-26 23:53:25,2026-08-26 23:53:41
Riya,2026-08-26 23:55:03,
Ram,2026-08-27 00:00:39,
Hira,2026-08-27 19:18:54,2026-08-27 19:19:10
Hira,2026-08-30 11:46:07,2026-08-30 11:46:49
Hira,2026-08-31 14:16:50,2026-08-31 14:17:21
Hira,2026-08-31 14:53:12,2026-08-31 14:54:06
Hira,2026-08-31 15:04:09,2026-08-31 15:05:00
Priya,2026-08-31 19:14:22,2026-08-31 19:14:44
Riya,2026-09-02 15:47:14,2026-09-02 15:47:52
Priya,2026-09-02 16:09:44,2026-09-02 16:10:07
Priya,2026-09-06 20:50:51,2026-09-06 20:51:12
Priya,2026-09-06 22:27:40,2026-09-06 22:27:51
Priya,2026-09-06 22:51:07,2026-09-06 22:51:17
Priya,2026-09-06 22:57:46,2026-09-06 22:57:56
Priya,2026-09-06 23:03:19,2026-09-06 23:03:39
Riya,2026-09-06 23:10:09,2026-09-06 23:10:36
Riya,2026-09-06 23:27:11,2026-09-06 23:27:20
Riya,2026-09-06 23:30:10,
Riya,2026-09-06 23:37:15,2026-09-06 23:38:16
Riya,2026-09-06 23:39:29,2026-09-06 23:40:07
Riya,2026-09-06 23:43:57,
Riya,2026-09-06 23:44:17,2026-09-06 23:46:48
Kishan,2026-09-08 15:34:08,2026-09-08 15:35:14
Kishan,2026-09-08 15:35:31,
Gina,2026-09-08 15:37:50,2026-09-08 15:38:46
Raju,2026-09-08 16:13:55,
Raju,2026-09-08 16:14:05,
Raju,2026-09-08 16:14:20,
Raju,2026-09-08 16:14:43,
Raju,2026-09-08 16:14:50,
Raju,2026-09-08 16:21:47,
Hira,2026-09-08 16:34:14,2026-09-08 16:34:55
Hira,2026-09-08 16:52:11,2026-09-08 16:52:29
Tina,2026-09-08 17:00:54,2026-09-08 17:01:15
Gia,2026-09-08 17:37:07,2026-09-08 17:37:35
Nita,2026-09-09 18:07:26,2026-09-09 18:07:50
Nita,2026-09-09 18:16:27,2026-09-09 18:16:40
Priyanka,2026-09-09 18:27:14,2026-09-09 18:27:31
